code,city,country,country_code,latitude,longitude
ABQ,Albuquerque,United States,US,-106.609001,35.040199
ANC,Anchorage,United States,US,-149.996002,61.1744
IAD,Ashburn,United States,US,38.94449997,-77.45580292
ATL,Atlanta,United States,US,-84.428101,33.6367
AUS,Austin,United States,US,-97.662015,30.197535
BGR,Bangor,United States,US,-68.828102,44.8074
BOS,Boston,United States,US,-71.005203,42.3643
BUF,Buffalo,United States,US,-78.73220062,42.94049835
YYC,Calgary,Canada,CA,-114.019996643,51.113899231
CLT,Charlotte,United States,US,-80.94309997558594,35.2140007019043
MDW,Chicago,United States,US,-87.752403,41.785999
CLE,Cleveland,United States,US,-81.8498001099,41.4117012024
CMH,Columbus,United States,US,-82.891899,39.998001
DFW,Dallas,United States,US,-97.038002,32.896801
DEN,Denver,United States,US,-104.672996521,39.861698150635
DTW,Detroit,United States,US,-83.35340118408203,42.212398529052734
RDU,Durham,United States,US,-78.787498,35.877602
YHZ,Halifax,Canada,CA,-63.5085983276,44.8807983398
HNL,Honolulu,United States,US,-157.924228,21.32062
IAH,Houston,United States,US,-95.34140014648438,29.984399795532227
IND,Indianapolis,United States,US,-86.294403,39.7173
JAX,Jacksonville,United States,US,-81.68789672851562,30.49410057067871
MCI,Kansas City,United States,US,-94.713898,39.2976
LAS,Las Vegas,United States,US,-115.151817,36.083361
LAX,Los Angeles,United States,US,-118.407997,33.942501
MFE,McAllen,United States,US,26.175833,-98.238611
MEM,Memphis,United States,US,-89.97669982910156,35.04240036010742
MIA,Miami,United States,US,-80.29060363769531,25.79319953918457
MSP,Minneapolis,United States,US,-93.221802,44.882
YUL,Montreal,Canada,CA,45.470556,-73.740833
BNA,Nashville,United States,US,-86.6781997680664,36.1245002746582
EWR,Newark,United States,US,-74.168701,40.692501
ORF,Norfolk,United States,US,-76.201202,36.8946
INV1,Oklahoma City,United States,US,-97.53077,35.44991
OMA,Omaha,United States,US,-95.894096,41.3032
YOW,Ottawa,Canada,CA,-75.669197,45.322498
PHL,Philadelphia,United States,US,-75.24109649658203,39.87189865112305
PHX,Phoenix,United States,US,-112.005905,33.435302
PIT,Pittsburgh,United States,US,-80.23290253,40.49150085
PDX,Portland,United States,US,-122.5979996,45.58869934
RIC,Richmond,United States,US,-77.3197021484375,37.50519943237305
SMF,Sacramento,United States,US,-121.59100341796875,38.69540023803711
SLC,Salt Lake City,United States,US,-111.979746,40.785749
SAT,San Antonio,United States,US,-98.469803,29.533701
SAN,San Diego,United States,US,-117.190002441,32.7336006165
SFO,San Francisco,United States,US,-122.375,37.61899948120117
SJC,San Jose,United States,US,-121.929188,37.362452
YXE,Saskatoon,Canada,CA,-106.69999694824219,52.170799255371094
SEA,Seattle,United States,US,-122.311134,47.449162
FSD,Sioux Falls,United States,US,-96.741152,43.585463
STL,St. Louis,United States,US,38.747222,-90.361389
INV2,Tallahassee,United States,US,-84.260405,30.457577
TPA,Tampa,United States,US,-82.533203125,27.975500106811523
YYZ,Toronto,Canada,CA,-79.6306,43.6772
YVR,Vancouver,Canada,CA,-123.183998108,49.193901062
YWG,Winnipeg,Canada,CA,-97.2398986816,49.909999847399995
VCP,Americana,Brazil,BR,-23.006944,-47.134444
INV3,Aracatuba,undefined,undefined,undefined,undefined
ARI,Arica,Paraguay,PY,-18.348611,-70.338889
ASU,Asuncion,Chile,CL,-25.239722,-57.519167
BAQ,Barranquilla,Colombia,CO,-74.7808,10.8896
CNF,Belo Horizonte,Brazil,BR,-43.966928,-19.63571
INV4,Belem,Brazil,BR,-48.459805,-1.415051
INV5,Blumenau,Brazil,BR,-49.088014,-26.914622
BOG,Bogota,Colombia,CO,-74.1469,4.70159
INV6,Brasilia,Brazil,BR,-47.90045,-15.77615
INV7,Bridgetown,Barbados,BB,-59.618611,13.095833
AEP,Buenos Aires,Argentina,AR,-58.4156,-34.5592
CCJ,Cali,India,IN,75.955299,11.1368
INV8,Campinas,Brazil,BR,-47.034692,-22.839057
INV9,Campos dos Goytacazes,Brazil,BR,-41.217849,-22.005825
CFC,Cacador,Brazil,BR,-50.939942,-26.787423
INV10,Chapeco,undefined,undefined,undefined,undefined
INV11,Concepcion,Argentina,AR,-65.617973,-27.345434
INV12,Cordoba,Spain,ES,-4.532632,37.936706
INV13,Cuiaba,Brazil,BR,-55.609444,-14.435556
INV14,Curitiba,Brazil,BR,-45.6121,-13.7029
INV15,Florianopolis,Brazil,BR,-48.471336,-27.469935
FOR,Fortaleza,Brazil,BR,-3.775833,-38.532222
INV16,Georgetown,Canada,CA,-79.93440246582031,43.64440155029297
INV17,Goiania,undefined,undefined,undefined,undefined
INV18,Guadalajara,Spain,ES,-3.1731,40.6578
GUA,Guatemala City,Guatemala,GT,-90.527496,14.5833
GYE,Guayaquil,Ecuador,EC,-79.883598,-2.15742
INV19,Itajai,undefined,undefined,undefined,undefined
INV20,Joinville,France,FR,-2.35029888,46.7282257
JDO,Juazeiro do Norte,Brazil,BR,-39.269096,-7.21932
KIN,Kingston,Jamaica,JM,-76.7874984741211,17.935699462890625
INV21,La Paz,Argentina,AR,-59.5683,-30.7442
LIM,Lima,Peru,PE,-77.114305,-12.0219
MAO,Manaus,Brazil,BR,-60.049702,-3.03861
INV22,Medellin,Colombia,CO,-75.578611,6.25
NLU,Mexico City,Mexico,MX,-99.0145,19.7458
INV23,Neuquen,Argentina,AR,-68.737297,-38.413799
INV24,Palmas,United States,US,-106.498381,31.770648
INV25,Panama City,United States,US,-85.6828,30.212099
INV26,Paramaribo,Suriname,SR,-55.193117,5.858887
POS,Port of Spain,Trinidad and Tobago,TT,-61.3372,10.5954
INV27,Porto Alegre,Sao Tome and Principe,ST,6.515965,0.038624
QRO,Queretaro,Mexico,MX,20.6173,-100.185997
UIO,Quito,Ecuador,EC,-78.354306,-0.125399
REC,Recife,Brazil,BR,-34.923316,-8.125984
INV28,Ribeirao Preto,Brazil,BR,-47.83686,-21.225657
GIG,Rio de Janeiro,Brazil,BR,-43.250557,-22.809999
SSA,Salvador,Brazil,BR,-38.322498,-12.908611
SJC,San Jose,United States,US,-121.929188,37.362452
SJU,San Juan,Puerto Rico,PR,-66.0018005371,18.4393997192
SAP,San Pedro Sula,Honduras,HN,-87.923599,15.4526
INV29,Santiago de los Caballeros,Mexico,MX,-107.366323,25.557614
SCL,Santiago,Chile,CL,-70.78579711914062,-33.393001556396484
SDQ,Santo Domingo,Dominican Republic,DO,-69.668899536133,18.42970085144
INV30,Sorocaba,Brazil,BR,-47.519259,-23.526917
GND,St. George's,Grenada,GD,12.004247,-61.786192
INV31,Sao Jose do Rio Preto,undefined,undefined,undefined,undefined
INV32,Sao Jose dos Campos,Brazil,BR,-45.900482,-23.211443
GRU,Sao Paulo,Brazil,BR,-23.435556,-46.473056
TGU,Tegucigalpa,Honduras,HN,-87.217201,14.0609
INV33,Timbo,Argentina,AR,-57.8444,-30.2236
INV34,Uberlandia,Brazil,BR,-48.261362,-18.90855
INV35,Valparaiso,Mexico,MX,-103.08849,23.48372
VIT,Vitoria,Spain,ES,-2.72447,42.882801
ABJ,Abidjan,Côte d'Ivoire,CI,-3.92629,5.26139
ACC,Accra,Ghana,GH,-0.16678600013256073,5.605189800262451
ADD,Addis Ababa,Ethiopia,ET,38.799301,8.97789
ALG,Algiers,Algeria,DZ,3.214531,36.693886
AAE,Annaba,Algeria,DZ,7.81334,36.826781
TNR,Antananarivo,Madagascar,MG,47.478802,-18.7969
CAI,Cairo,Egypt,EG,31.396694,30.111534
CPT,Cape Town,South Africa,ZA,18.6016998291,-33.9648017883
DSS,Dakar,Senegal,SN,-17.073333,14.67
DAR,Dar Es Salaam,Tanzania, United Republic of,TZ,39.202599,-6.87811
JIB,Djibouti,Djibouti,DJ,11.546258,43.159206
DUR,Durban,South Africa,ZA,31.1197222222,-29.6144444444
GBE,Gaborone,Botswana,BW,25.9182,-24.555201
HRE,Harare,Zimbabwe,ZW,31.0928,-17.931801
JNB,Johannesburg,South Africa,ZA,28.246,-26.1392
EBB,Kampala,Uganda,UG,32.443501,0.042386
KGL,Kigali,Rwanda,RW,30.1395,-1.96863
FIH,Kinshasa,Congo, the Democratic Republic of the,CD,15.4446,-4.38575
LOS,Lagos,Nigeria,NG,3.321160078048706,6.5773701667785645
LAD,Luanda,Angola,AO,13.2312,-8.85837
LUN,Lusaka,Zambia,ZM,28.452722,-15.330833
MPM,Maputo,Mozambique,MZ,32.572601,-25.920799
MBA,Mombasa,Kenya,KE,39.5942,-4.03483
NBO,Nairobi,Kenya,KE,36.9277992249,-1.31923997402
ORN,Oran,Algeria,DZ,-0.621183,35.623901
OUA,Ouagadougou,Burkina Faso,BF,-1.51242,12.3532
INV36,Port Louis,undefined,undefined,undefined,undefined
INV37,Saint-Denis,France,FR,1.496185,48.218818
TUN,Tunis,Tunisia,TN,10.2272,36.851002
WDH,Windhoek,Namibia,NA,17.4709,-22.4799
ASK,Yamoussoukro,Côte d'Ivoire,CI,-5.36558008194,6.9031701088
AMS,Amsterdam,Netherlands,NL,4.76389,52.308601
ATH,Athens,Greece,GR,23.9445,37.936401
BLA,Barcelona,Venezuela, Bolivarian Republic of,VE,-64.692222,10.111111
BEG,Belgrade,Serbia,RS,20.309099,44.818401
BER,Berlin,Germany,DE,13.500672,52.362247
BOD,Bordeaux,France,FR,-0.715556,44.8283
BTS,Bratislava,Slovakia,SK,17.21269989013672,48.17020034790039
INV38,Brussels,United States,US,-90.58719635009766,38.94580078125
OTP,Bucharest,Romania,RO,26.085,44.571111
BUD,Budapest,Hungary,HU,19.261093,47.42976
KIV,Chisinau,Moldova, Republic of,MD,46.927778,28.930833
CPH,Copenhagen,Denmark,DK,12.656000137329,55.617900848389
INV39,Cork,United States,US,-81.6072998046875,26.44540023803711
DUB,Dublin,Ireland,IE,-6.262121,53.428713
INV40,Dusseldorf,Germany,DE,6.8539,51.2649
EDI,Edinburgh,United Kingdom,GB,-3.372288,55.950145
FRA,Frankfurt am Main,Germany,DE,8.561268,50.036521
GVA,Geneva,Switzerland,CH,6.108950138092041,46.23809814453125
GOT,Gothenburg,Sweden,SE,12.279800415039,57.662799835205
HAM,Hamburg,Germany,DE,9.98823,53.630402
HEL,Helsinki,Finland,FI,24.963301,60.3172
SAW,Istanbul,Turkey,TR,29.3092,40.898602
INV41,Izmir,Turkey,TR,27.437008,38.466648
KJA,Krasnoyarsk,Russian Federation,RU,92.492437,56.173077
IEV,Kyiv,Ukraine,UA,50.401667,30.451667
LIS,Lisbon,Portugal,PT,-9.13592,38.7813
LTN,London,United Kingdom,GB,-0.36833301186561584,51.874698638916016
LUX,Luxembourg,Luxembourg,LU,6.2044444,49.6233333
LYS,Lyon,France,FR,5.081111,45.725556
MAD,Madrid,Spain,ES,-3.56264,40.471926
MAN,Manchester,United Kingdom,GB,-2.279521,53.349375
MRS,Marseille,France,FR,5.22142410278,43.439271922
MXP,Milan,Italy,IT,8.72811,45.6306
MSQ,Minsk,Belarus,BY,28.039964,53.888071
ZIA,Moscow,Russian Federation,RU,38.150002,55.553299
MUC,Munich,Germany,DE,11.7861,48.353802
INV42,Nicosia,Cyprus,CY,33.278702,35.150799
OSL,Oslo,Norway,NO,11.1004,60.193901
PMO,Palermo,Italy,IT,13.091,38.175999
CDG,Paris,France,FR,2.55,49.012798
PRG,Prague,Czech Republic,CZ,14.26,50.1008
RKV,Reykjavik,Iceland,IS,-21.9405994415,64.1299972534
RIX,Riga,Latvia,LV,23.9711,56.923599
FCO,Rome,Italy,IT,12.251998,41.804532
INV43,Saint Petersburg,Russian Federation,RU,30.186500549316406,59.836299896240234
SKP,Skopje,Macedonia, the Former Yugoslav Republic of,MK,21.621401,41.961601
SOF,Sofia,Bulgaria,BG,23.411436080932617,42.696693420410156
ARN,Stockholm,Sweden,SE,17.918600082397,59.651901245117
STR,Stuttgart,Germany,DE,9.22196006775,48.689899444599995
TLL,Tallinn,Estonia,EE,24.832799911499997,59.41329956049999
SKG,Thessaloniki,Greece,GR,22.97089958190918,40.51969909667969
TIA,Tirana,Albania,AL,19.7206001282,41.4146995544
VIE,Vienna,Austria,AT,16.5697,48.110298
VNO,Vilnius,Lithuania,LT,25.285801,54.634102
WAW,Warsaw,Poland,PL,20.967100143399996,52.1656990051
ZAG,Zagreb,Croatia,HR,16.0687999725,45.7429008484
ZRH,Zurich,Switzerland,CH,8.548056,47.458056
AMM,Amman,Jordan,JO,35.9931983948,31.7226009369
BGW,Baghdad,Iraq,IQ,44.2346,33.262501
BSR,Basrah,Iraq,IQ,47.662102,30.549101
BEY,Beirut,Lebanon,LB,35.488399505615234,33.820899963378906
DMM,Dammam,Saudi Arabia,SA,26.471194,49.798583
DOH,Doha,Qatar,QA,51.608056,25.273056
DXB,Dubai,United Arab Emirates,AE,55.3643989563,25.2527999878
EBL,Erbil,Iraq,IQ,43.963199615478516,36.23759841918945
HFA,Haifa,Israel,IL,35.04309844970703,32.80939865112305
JED,Jeddah,Saudi Arabia,SA,39.156502,21.6796
KWI,Kuwait City,Kuwait,KW,47.968899,29.226601
BAH,Manama,Bahrain,BH,50.63764,26.267295
MCT,Muscat,Oman,OM,58.284400939941406,23.593299865722656
NJF,Najaf,Iraq,IQ,44.404317,31.989853
INV44,Nasiriyah,Syrian Arab Republic,SY,36.866600036621094,33.91899871826172
JRS,Ramallah,Israel,IL,31.864722,35.219167
RUH,Riyadh,Saudi Arabia,SA,46.69879913330078,24.957599639892578
ISU,Sulaymaniyah,Iraq,IQ,45.316738128699996,35.5617485046
TLV,Tel Aviv,Israel,IL,34.88669967651367,32.01139831542969
AMD,Ahmedabad,India,IN,72.634697,23.0772
AKX,Aktobe,Kazakhstan,KZ,57.206699,50.2458
ALA,Almaty,Kazakhstan,KZ,77.042828,43.354267
INV45,Astana,undefined,undefined,undefined,undefined
LLK,Astara,Azerbaijan,AZ,38.4447,48.494
GYD,Baku,Azerbaijan,AZ,50.04669952392578,40.467498779296875
BWN,Bandar Seri Begawan,Brunei Darussalam,BN,114.928001,4.9442
BLR,Bangalore,India,IN,77.706299,13.1979
DMK,Bangkok,Thailand,TH,100.607002258,13.9125995636
BBI,Bhubaneswar,India,IN,85.8178024292,20.244400024399997
CGY,Cagayan de Oro,Philippines,PH,124.456496,8.612203
CEB,Cebu,Philippines,PH,10.307222,123.978889
IXC,Chandigarh,India,IN,76.788498,30.6735
MAA,Chennai,India,IN,80.169296,12.990005
CNX,Chiang Mai,Thailand,TH,98.962600708,18.766799926799997
INV46,Chittagong,undefined,undefined,undefined,undefined
CMB,Colombo,Sri Lanka,LK,79.88410186767578,7.180759906768799
DAD,Da Nang,Viet Nam,VN,108.198997,16.0439
DPS,Denpasar,Indonesia,ID,115.167,-8.74817
DAC,Dhaka,Bangladesh,BD,90.397783,23.843347
FUK,Fukuoka,Japan,JP,130.4510040283203,33.585899353027344
INV47,Hanoi,Viet Nam,VN,105.784181,21.016751
SGN,Ho Chi Minh City,Viet Nam,VN,106.652,10.8188
HKG,Hong Kong,Hong Kong,HK,113.915001,22.308901
HYD,Hyderabad,India,IN,78.429855,17.231318
ISB,Islamabad,Pakistan,PK,72.82566,33.549
CGK,Jakarta,Indonesia,ID,106.65599823,-6.1255698204
JHB,Johor Bahru,Malaysia,MY,103.669998,1.64131
CNN,Kannur,India,IN,75.547211,11.918614
INV48,Kanpur,India,IN,80.232904,26.520399
INV49,Kaohsiung City,undefined,undefined,undefined,undefined
KHI,Karachi,Pakistan,PK,67.160797,24.9065
KTM,Kathmandu,Nepal,NP,85.3591,27.6966
COK,Kochi,India,IN,76.401901,10.152
CCU,Kolkata,India,IN,88.44670104980469,22.654699325561523
KUL,Kuala Lumpur,Malaysia,MY,101.709999,2.74558
KCH,Kuching,Malaysia,MY,110.352859,1.487364
LHE,Lahore,Pakistan,PK,74.403603,31.521601
MFM,Macau,Macao,MO,113.592003,22.149599
MLE,Male,Maldives,MV,4.191667,73.528889
MNL,Manila,Philippines,PH,14.5086,121.019997
BOM,Mumbai,India,IN,72.8678970337,19.0886993408
NAG,Nagpur,India,IN,79.047203,21.092199
OKA,Naha,Japan,JP,127.646004,26.195801
DEL,New Delhi,India,IN,77.09519,28.55563
KIX,Osaka,Japan,JP,135.244003,34.427299
INV50,Patna,India,IN,80.09823,14.27386
INV51,Phnom Penh,Cambodia,KH,104.9154,11.3623
ICN,Seoul,Korea, Republic of,KR,126.45099639892578,37.46910095214844
SIN,Singapore,Singapore,SG,103.994003,1.35019
URT,Surat Thani,Thailand,TH,99.135597229,9.13259983063
INV52,Taipei*,undefined,undefined,undefined,undefined
INV53,Tarlac City,Philippines,PH,120.631911,15.424775
TBS,Tbilisi,Georgia,GE,44.95470047,41.6692008972
PBH,Thimphu,Bhutan,BT,27.4513,89.6557
NRT,Tokyo,Japan,JP,35.764702,140.386002
UBN,Ulaanbaatar,Mongolia,MN,106.819833,47.646916
VTE,Vientiane,Lao People's Democratic Republic,LA,102.56300354,17.988300323500003
EVN,Yerevan,Armenia,AM,44.3959007263,40.1473007202
YIA,Yogyakarta,Indonesia,ID,110.057264,-7.905338
IQN,Baoji,China,CN,35.7997222222,107.6027777778
BHY,Beihai,China,CN,109.293999,21.5394
PEK,Beijing,China,CN,116.58499908447266,40.080101013183594
CGD,Changde,China,CN,111.639999,28.9189
CSX,Changsha,China,CN,113.220001,28.189199
CZX,Changzhou,China,CN,119.778999,31.919701
TFU,Chengdu,China,CN,104.441284,30.31252
HAK,Chengmai,China,CN,19.934722,110.458889
CKG,Chongqing,China,CN,106.651895,29.712254
INV54,Dalian,China,CN,121.59807,39.12255
FUO,Foshan,China,CN,113.07,23.0833
FOC,Fuzhou,China,CN,119.66318,25.934669
INV55,Guangzhou,China,CN,113.265999,23.1842
KWE,Guiyang,China,CN,106.803331,26.541466
HAK,Haikou,China,CN,110.459,19.9349
INV56,Hengshui,China,CN,116.116726,37.491153
INV57,Jiaxing,China,CN,120.679779,30.705535
TNA,Jinan,China,CN,117.216003,36.857201
KMG,Kunming,China,CN,102.936743,25.110313
NAY,Langfang,China,CN,39.7827987670898,116.388000488281
KHN,Nanchang,China,CN,115.90271,28.864815
INV58,Nanning,China,CN,108.7806,22.8519
TAO,Qingdao,China,CN,120.088171,36.361953
PVG,Shanghai,China,CN,121.805,31.1434
INV59,Shaoxing,China,CN,121.0104,29.4535
SZX,Shenzhen,China,CN,113.810997,22.639299
SJW,Shijiazhuang,China,CN,114.696999,38.280701
HYN,Taizhou,China,CN,28.562222,121.428611
TEN,Tongren,China,CN,109.308889,27.883333
XFN,Xiangyang,China,CN,112.291666,32.152222
XNN,Xining,China,CN,102.040157,36.528295
INV60,Yangquan,undefined,undefined,undefined,undefined
CGO,Zhengzhou,China,CN,113.849165,34.526497
INV61,Zhongshan,China,CN,113.38264,22.52316
INV62,Zibo,China,CN,117.8922,36.80982
ADL,Adelaide,Australia,AU,138.533393,-34.947512
AKL,Auckland,New Zealand,NZ,174.786331,-37.01199
BNE,Brisbane,Australia,AU,153.11700439453125,-27.384199142456055
CBR,Canberra,Australia,AU,149.195007,-35.3069
CHC,Christchurch,New Zealand,NZ,172.53199768066406,-43.48939895629883
INV63,Hagatna,undefined,undefined,undefined,undefined
HBA,Hobart,Australia,AU,147.509994507,-42.836101532
MEL,Melbourne,Australia,AU,144.843002,-37.673302
NOU,Noumea,New Caledonia,NC,-22.016389,166.216111
PER,Perth,Australia,AU,115.96700286865234,-31.94029998779297
INV64,Suva,India,IN,83.26756,17.89855
SYD,Sydney,Australia,AU,151.177001953125,-33.94609832763672
INV65,Tahiti,undefined,undefined,undefined,undefined